title,release_year,country,listed_in,title_clean,vote_average,popularity
Dick Johnson Is Dead,2020,United States,Documentaries,dick johnson is dead,7.112,0.5826
Blood & Water,2021,South Africa,International TV Shows,blood & water,5.5,0.7032
Ganglands,2021,Unknown,Crime TV Shows,ganglands,0.0,0.5213
Midnight Mass,2021,Unknown,TV Dramas,midnight mass,4.233,0.1379
My Little Pony: A New Generation,2021,Unknown,Children & Family Movies,my little pony: a new generation,7.7,1.6906
Sankofa,1993,"United States, Ghana, Burkina Faso, United Kingdom, Germany, Ethiopia",Dramas,sankofa,5.6,0.3652
The Starling,2021,United States,Comedies,the starling,6.926,1.0442
Bangkok Breaking,2021,Unknown,Crime TV Shows,bangkok breaking,6.822,1.866
Je Suis Karl,2021,"Germany, Czech Republic",Dramas,je suis karl,5.281,0.6101
Confessions of an Invisible Girl,2021,Unknown,Children & Family Movies,confessions of an invisible girl,6.649,0.9346
Dear White People,2021,United States,TV Comedies,dear white people,6.105,0.6597
Europe's Most Dangerous Man: Otto Skorzeny in Spain,2020,Unknown,Documentaries,europe's most dangerous man: otto skorzeny in spain,6.7,0.7446
Falsa identidad,2020,Mexico,Crime TV Shows,falsa identidad,4.3,0.2571
Intrusion,2021,Unknown,Thrillers,intrusion,5.942,1.3175
Jaguar,2021,Unknown,International TV Shows,jaguar,5.0,0.0585
Go! Go! Cory Carson: Chrissy Takes the Wheel,2021,Unknown,Children & Family Movies,go! go! cory carson: chrissy takes the wheel,5.893,0.1863
Jeans,1998,India,Comedies,jeans,0.0,0.687
Minsara Kanavu,1997,Unknown,Comedies,minsara kanavu,6.7,0.6382
Grown Ups,2010,United States,Comedies,grown ups,6.396,11.9855
Dark Skies,2013,United States,Horror Movies,dark skies,6.331,2.8431
Paranoia,2013,"United States, India, France",Thrillers,paranoia,6.51,3.5241
Ankahi Kahaniya,2021,Unknown,Dramas,ankahi kahaniya,5.8,0.371
Sex Education,2020,United Kingdom,British TV Shows,sex education,6.5,0.9393
Squid Game,2021,Unknown,International TV Shows,squid game,8.418,3.9801
The Father Who Moves Mountains,2021,Unknown,Dramas,the father who moves mountains,5.8,0.6027
The Stronghold,2021,Unknown,Action & Adventure,the stronghold,7.365,2.3698
Angry Birds,2018,Finland,Kids' TV,angry birds,7.048,6.4001
Birth of the Dragon,2017,"China, Canada, United States",Action & Adventure,birth of the dragon,5.799,1.7316
Chhota Bheem,2021,India,Kids' TV,chhota bheem,6.3,0.1827
He-Man and the Masters of the Universe,2021,United States,Kids' TV,he-man and the masters of the universe,6.939,0.6835
Jaws,1975,United States,Action & Adventure,jaws,7.68,12.6598
Jaws 2,1978,United States,Dramas,jaws 2,6.036,3.7002
Jaws 3,1983,United States,Action & Adventure,jaws 3,4.47,4.0533
Jaws: The Revenge,1987,United States,Action & Adventure,jaws: the revenge,4.081,2.7181
My Heroes Were Cowboys,2021,Unknown,Documentaries,my heroes were cowboys,6.4,0.3404
Safe House,2012,"South Africa, United States, Japan",Action & Adventure,safe house,6.486,4.2769
Training Day,2001,United States,Dramas,training day,7.511,9.5025
Castle and Castle,2021,Nigeria,International TV Shows,castle and castle,7.684,81.8425
InuYasha the Movie 2: The Castle Beyond the Looking Glass,2002,Japan,Action & Adventure,inuyasha the movie 2: the castle beyond the looking glass,7.671,2.2318
InuYasha the Movie 3: Swords of an Honorable Ruler,2003,Japan,Action & Adventure,inuyasha the movie 3: swords of an honorable ruler,7.7,1.9886
InuYasha the Movie 4: Fire on the Mystic Island,2004,Japan,Action & Adventure,inuyasha the movie 4: fire on the mystic island,7.5,1.8616
InuYasha the Movie: Affections Touching Across Time,2001,Japan,Action & Adventure,inuyasha the movie: affections touching across time,7.536,2.1092
Nailed It,2021,United States,Reality TV,nailed it,6.0,0.2067
Naruto Shippuden the Movie: Blood Prison,2011,Japan,Action & Adventure,naruto shippuden the movie: blood prison,7.253,5.7663
Naruto Shippûden the Movie: Bonds,2008,Japan,Action & Adventure,naruto shippûden the movie: bonds,7.33,5.4842
Naruto Shippûden the Movie: The Will of Fire,2009,Japan,Action & Adventure,naruto shippûden the movie: the will of fire,7.384,5.8823
Naruto Shippuden: The Movie,2007,Japan,Action & Adventure,naruto shippuden: the movie,7.408,6.5687
Naruto Shippuden: The Movie: The Lost Tower,2010,Japan,Action & Adventure,naruto shippuden: the movie: the lost tower,7.178,5.6433
Naruto the Movie 2: Legend of the Stone of Gelel,2005,Japan,Action & Adventure,naruto the movie 2: legend of the stone of gelel,6.795,4.8734
Naruto the Movie 3: Guardians of the Crescent Moon Kingdom,2006,Japan,Action & Adventure,naruto the movie 3: guardians of the crescent moon kingdom,7.122,5.4533
Naruto the Movie: Ninja Clash in the Land of Snow,2004,Japan,Action & Adventure,naruto the movie: ninja clash in the land of snow,7.299,5.3787
Nightbooks,2021,Unknown,Children & Family Movies,nightbooks,6.116,4.9081
Saved by the Bell,1994,United States,Kids' TV,saved by the bell,0.0,0.0414
Schumacher,2021,Unknown,Documentaries,schumacher,7.274,3.4776
A StoryBots Space Adventure,2021,Unknown,Children & Family Movies,a storybots space adventure,2.0,0.175
King of Boys,2018,Nigeria,Dramas,king of boys,6.4,0.3565
You vs. Wild: Out Cold,2021,Unknown,Children & Family Movies,you vs. wild: out cold,5.7,0.1819
Yowamushi Pedal,2013,Japan,Anime Series,yowamushi pedal,6.0,3.2543
Little Singham - Black Shadow,2021,Unknown,Children & Family Movies,little singham - black shadow,10.0,0.0621
Tughlaq Durbar,2020,Unknown,Comedies,tughlaq durbar,6.0,0.3062
Firedrake the Silver Dragon,2021,Unknown,Children & Family Movies,firedrake the silver dragon,7.015,1.6923
Kate,2021,United States,Action & Adventure,kate,6.633,2.9518
Lucifer,2021,United States,Crime TV Shows,lucifer,7.7,2.1361
Omo Ghetto: the Saga,2020,Nigeria,Action & Adventure,omo ghetto: the saga,4.3,0.0801
Prey,2021,Unknown,International Movies,prey,7.667,13.4602
Blood Brothers: Malcolm X & Muhammad Ali,2021,Unknown,Documentaries,blood brothers: malcolm x & muhammad ali,7.3,0.4593
Mighty Raju,2017,Unknown,Kids' TV,mighty raju,1.0,0.1555
Paradise Hills,2019,"Spain, United States",Sci-Fi & Fantasy,paradise hills,0.0,0.102
The Women and the Murderer,2021,France,Documentaries,the women and the murderer,6.192,0.6476
Into the Night,2021,Belgium,International TV Shows,into the night,6.5,2.5458
JJ+E,2021,Unknown,Dramas,jj+e,5.771,1.2805
Show Dogs,2018,"United Kingdom, United States",Children & Family Movies,show dogs,5.959,4.7527
The Circle,2021,"United States, United Kingdom",Reality TV,the circle,5.524,4.1825
If I Leave Here Tomorrow: A Film About Lynyrd Skynyrd,2018,United States,Documentaries,if i leave here tomorrow: a film about lynyrd skynyrd,7.683,0.2817
Kid Cosmic,2021,United States,Kids' TV,kid cosmic,0.0,0.0168
Octonauts: Above & Beyond,2021,United Kingdom,British TV Shows,octonauts: above & beyond,0.0,0.0
On the Verge,2021,"France, United States",TV Comedies,on the verge,0.0,0.0362
Untold: Breaking Point,2021,United States,Documentaries,untold: breaking point,7.5,0.5452
Shadow Parties,2020,Unknown,Dramas,shadow parties,10.0,0.083
Tayo the Little Bus,2016,South Korea,Kids' TV,tayo the little bus,0.0,0.0286
Angamaly Diaries,2017,India,Action & Adventure,angamaly diaries,7.397,0.3511
A Champion Heart,2018,United States,Children & Family Movies,a champion heart,7.8,0.3578
La casa de papel,2021,Spain,Crime TV Shows,la casa de papel,7.442,1.8222
Sharkdog,2021,"United States, Singapore",Kids' TV,sharkdog,0.0,0.0286
Worth,2021,Unknown,Dramas,worth,6.707,1.3892
Afterlife of the Party,2021,Unknown,Comedies,afterlife of the party,6.7,0.7466
Anjaam,1994,India,Dramas,anjaam,0.0,0.0747
Bright Star,2009,"United Kingdom, Australia, France",Dramas,bright star,6.6,1.3124
Dhanak,2015,India,Comedies,dhanak,7.4,0.4387
Final Account,2021,"United Kingdom, United States",Documentaries,final account,7.4,0.8806
Gurgaon,2017,India,Dramas,gurgaon,5.1,0.326
Here and There,2020,Unknown,Dramas,here and there,0.0,0.0286
In the Cut,2003,"United Kingdom, Australia, France, United States",Thrillers,in the cut,5.1,1.9275
Pororo - The Little Penguin,2013,South Korea,Kids' TV,pororo - the little penguin,5.4,0.5465
Q-Force,2021,United States,Crime TV Shows,q-force,4.0,0.3773
Shikara,2020,India,Dramas,shikara,4.222,3.2612
A Cinderella Story,2004,"United States, Canada",Children & Family Movies,a cinderella story,6.6,5.7952
An Unfinished Life,2005,"Germany, United States",Dramas,an unfinished life,6.8,1.4536
Barbie Big City Big Dreams,2021,Unknown,Children & Family Movies,barbie big city big dreams,7.0,0.7457
Blade Runner: The Final Cut,1982,United States,Action & Adventure,blade runner: the final cut,7.94,14.9627
Chappie,2015,"South Africa, United States",Action & Adventure,chappie,6.785,8.7819
Clear and Present Danger,1994,"United States, Mexico",Action & Adventure,clear and present danger,6.641,4.0885
Cliffhanger,1993,"United States, Italy, France, Japan",Action & Adventure,cliffhanger,6.517,4.9778
Cold Mountain,2003,"United States, Italy, Romania, United Kingdom",Dramas,cold mountain,6.938,3.5209
Crocodile Dundee in Los Angeles,2001,"Australia, United States",Action & Adventure,crocodile dundee in los angeles,5.217,1.907
Dear John,2010,United States,Dramas,dear john,6.846,3.5453
Do the Right Thing,1989,United States,Classic Movies,do the right thing,7.769,3.0186
"El patrón, radiografía de un crimen",2014,"Argentina, Venezuela",Dramas,"el patrón, radiografía de un crimen",7.6,0.2999
Extraction,2015,"United States, United Kingdom, Canada",Action & Adventure,extraction,4.9,1.2398
Freedom Writers,2007,"Germany, United States",Dramas,freedom writers,7.9,3.5211
Green Lantern,2011,United States,Action & Adventure,green lantern,5.176,5.7521
House Party,1990,United States,Comedies,house party,6.404,4.0857
House Party 2,1991,United States,Comedies,house party 2,5.3,0.5471
House Party 3,1994,United States,Comedies,house party 3,5.1,0.867
I Got the Hook Up,1998,United States,Action & Adventure,i got the hook up,5.3,0.5939
In Too Deep,1999,United States,Thrillers,in too deep,6.391,1.2798
Initial D,2005,"China, Hong Kong",Action & Adventure,initial d,6.85,3.1046
Janoskians: Untold and Untrue,2016,United States,Comedies,janoskians: untold and untrue,5.1,0.1141
Kid-E-Cats,2016,Russia,Kids' TV,kid-e-cats,6.0,0.2163
Kuroko's Basketball,2015,Japan,Anime Series,kuroko's basketball,7.638,3.1054
Labyrinth,1986,"United Kingdom, United States",Action & Adventure,labyrinth,7.279,6.5256
Letters to Juliet,2010,United States,Comedies,letters to juliet,7.002,3.8852
Level 16,2018,Canada,Sci-Fi & Fantasy,level 16,6.759,1.4361
Love Don't Cost a Thing,2003,United States,Comedies,love don't cost a thing,7.548,5.5089
Love in a Puff,2010,Hong Kong,Comedies,love in a puff,7.04,0.6497
Mars Attacks!,1996,United States,Comedies,mars attacks!,6.414,6.1519
Marshall,2017,"United States, China, Hong Kong",Dramas,marshall,7.245,3.3959
My Boss's Daughter,2003,United States,Comedies,my boss's daughter,5.048,1.2489
Mystery Men,1999,United States,Action & Adventure,mystery men,5.829,2.6477
Once Upon a Time in America,1984,"Italy, United States",Classic Movies,once upon a time in america,8.386,12.2777
Open Season 2,2008,"United States, Canada",Children & Family Movies,open season 2,5.871,3.4057
Osmosis Jones,2001,United States,Action & Adventure,osmosis jones,6.49,3.0071
Poseidon,2006,United States,Action & Adventure,poseidon,5.9,4.7954
Rhyme & Reason,1997,United States,Documentaries,rhyme & reason,0.0,0.2466
Same Kind of Different as Me,2017,United States,Dramas,same kind of different as me,6.8,0.9114
School of Rock,2003,"United States, Germany",Comedies,school of rock,7.084,5.9752
Snervous Tyler Oakley,2015,United States,Documentaries,snervous tyler oakley,5.067,0.1461
Tears of the Sun,2003,United States,Action & Adventure,tears of the sun,6.884,5.2188
The Blue Lagoon,1980,United States,Dramas,the blue lagoon,6.144,4.7209
The Golden Child,1986,United States,Action & Adventure,the golden child,5.936,2.8969
The Guns of Navarone,1961,"United Kingdom, United States",Action & Adventure,the guns of navarone,7.304,2.6774
The Interview,2014,United States,Action & Adventure,the interview,6.19,6.715
The Nutty Professor,1996,United States,Comedies,the nutty professor,4.8,0.4565
The Nutty Professor II: The Klumps,2000,Unknown,Comedies,the nutty professor ii: the klumps,5.015,2.1606
Welcome Home Roscoe Jenkins,2008,United States,Comedies,welcome home roscoe jenkins,5.992,1.8568
In the Line of Fire,1993,United States,Action & Adventure,in the line of fire,6.965,3.667
Untold: Crime & Penalties,2021,Unknown,Documentaries,untold: crime & penalties,7.1,0.3357
2 Alone in Paris,2008,France,Comedies,2 alone in paris,5.121,2.8722
Bread Barbershop,2020,Unknown,Kids' TV,bread barbershop,0.0,0.367
Thimmarusu,2021,India,Dramas,thimmarusu,7.8,0.3929
Wind River,2017,"United Kingdom, Canada, United States",Dramas,wind river,7.432,6.5353
C Kkompany,2008,India,Action & Adventure,c kkompany,5.346,0.3352
D.P.,2021,", South Korea",International TV Shows,d.p.,0.0,0.2277
Deadly Sins,2002,Unknown,International TV Shows,deadly sins,7.7,1.9842
EMI: Liya Hai To Chukana Padega,2008,India,Comedies,emi: liya hai to chukana padega,7.0,0.4078
He's All That,2021,Unknown,Comedies,he's all that,6.471,2.7935
Koi Aap Sa,2006,India,Comedies,koi aap sa,7.2,0.1633
Krishna Cottage,2004,India,Action & Adventure,krishna cottage,5.0,0.5018
Kucch To Hai,2003,India,Dramas,kucch to hai,4.2,0.3217
Kyaa Kool Hai Hum,2005,India,Comedies,kyaa kool hai hum,4.868,0.223
Kyaa Kool Hain Hum 3,2016,India,Comedies,kyaa kool hain hum 3,2.8,0.3103
Kyaa Super Kool Hain Hum,2012,India,Comedies,kyaa super kool hain hum,4.8,0.3247
Kyo Kii... Main Jhuth Nahin Bolta,2001,India,Comedies,kyo kii... main jhuth nahin bolta,5.081,0.3664
"LSD: Love, Sex Aur Dhokha",2010,India,Dramas,"lsd: love, sex aur dhokha",6.156,0.5115
Once Upon a Time in Mumbaai,2010,India,Dramas,once upon a time in mumbaai,6.672,0.5531
Once Upon a Time in Mumbai Dobaara!,2013,India,Dramas,once upon a time in mumbai dobaara!,5.1,0.3168
Ragini MMS,2011,India,Horror Movies,ragini mms,4.6,1.9138
Ragini MMS 2,2014,India,Horror Movies,ragini mms 2,4.724,0.4577
Rebellion,2016,Ireland,International TV Shows,rebellion,6.0,0.3032
RIDE ON TIME,2021,Unknown,Docuseries,ride on time,0.0,0.0678
SAS: Rise of the Black Swan,2021,Unknown,Action & Adventure,sas: rise of the black swan,5.8,2.0075
Shootout at Lokhandwala,2007,India,Action & Adventure,shootout at lokhandwala,6.1,0.6783
Shor In the City,2011,India,Comedies,shor in the city,6.161,0.425
The Dirty Picture,2011,India,Comedies,the dirty picture,6.2,3.1924
EDENS ZERO,2021,Japan,Anime Series,edens zero,0.0,0.3386
Family Reunion,2021,United States,Kids' TV,family reunion,8.0,0.5211
"Bob Ross: Happy Accidents, Betrayal & Greed",2021,Unknown,Documentaries,"bob ross: happy accidents, betrayal & greed",6.736,0.8808
Clickbait,2021,Unknown,Crime TV Shows,clickbait,4.5,0.1484
Open Your Eyes,2021,Unknown,International TV Shows,open your eyes,5.333,0.587
Really Love,2020,United States,Dramas,really love,6.5,0.6404
The November Man,2014,"United States, United Kingdom",Action & Adventure,the november man,6.106,3.2919
The Old Ways,2020,United States,Horror Movies,the old ways,6.723,0.5819
The River Runner,2021,Unknown,Documentaries,the river runner,6.2,0.816
The Water Man,2021,United States,Children & Family Movies,the water man,6.1,1.2228
Wheel of Fortune,2019,United States,Reality TV,wheel of fortune,7.2,1.3696
Count Me In,2021,United Kingdom,Documentaries,count me in,6.9,0.3435
Oggy Oggy,2021,Unknown,Kids' TV,oggy oggy,7.1,0.743
Untold: Caitlyn Jenner,2021,Unknown,Documentaries,untold: caitlyn jenner,6.5,0.4747
Boomika,2021,Unknown,Horror Movies,boomika,5.4,0.5245
The Witcher: Nightmare of the Wolf,2021,Unknown,Action & Adventure,the witcher: nightmare of the wolf,7.431,1.6793
Manifest,2021,United States,TV Dramas,manifest,8.0,0.2409
Everything Will Be Fine,2021,Unknown,International TV Shows,everything will be fine,4.875,0.1077
Gunshot,2018,Unknown,Dramas,gunshot,7.0,0.1304
Man in Love,2021,Unknown,Dramas,man in love,7.2,1.598
Sweet Girl,2021,United States,Action & Adventure,sweet girl,6.604,5.6177
The Chair,2021,Unknown,TV Comedies,the chair,6.0,0.0729
The Loud House Movie,2021,Unknown,Children & Family Movies,the loud house movie,7.3,2.2516
A Faraway Land,2020,Unknown,Dramas,a faraway land,4.4,0.1573
Like Crazy,2011,United States,Dramas,like crazy,6.4,1.3366
Black Island,2021,Unknown,International Movies,black island,6.0,0.1493
Bombay,1995,India,Dramas,bombay,0.0,1.6145
Go! Go! Cory Carson,2021,United States,Kids' TV,go! go! cory carson,4.75,0.326
Memories of a Murderer: The Nilsen Tapes,2021,Unknown,Documentaries,memories of a murderer: the nilsen tapes,5.947,0.7027
Nneka The Pretty Serpent,2020,Unknown,Dramas,nneka the pretty serpent,3.9,0.1762
O Kadhal Kanmani,2015,Unknown,Dramas,o kadhal kanmani,7.0,0.4956
Out of my league,2020,Unknown,Comedies,out of my league,6.037,0.3976
Pahuna,2018,"India, Nepal",Comedies,pahuna,0.0,0.0286
The Defeated,2020,Unknown,Crime TV Shows,the defeated,0.0,0.5477
The Secret Diary of an Exchange Student,2021,Unknown,Comedies,the secret diary of an exchange student,6.4,0.5214
Untold: Deal With the Devil,2021,Unknown,Documentaries,untold: deal with the devil,6.857,1.2345
Walk of Shame,2014,United States,Comedies,walk of shame,5.964,2.2106
Rascal Does Not Dream of Bunny Girl Senpai,2018,Japan,Anime Series,rascal does not dream of bunny girl senpai,8.255,2.32
The Piano,1993,"New Zealand, Australia, France, United States",Classic Movies,the piano,7.377,6.7758
Unroyal,2020,Unknown,Dramas,unroyal,4.5,3.531
Winx Club,2015,Italy,Kids' TV,winx club,7.2,0.7859
Beckett,2021,"Italy, Brazil, Greece",Action & Adventure,beckett,6.2,1.2389
Fast & Furious Spy Racers,2021,United States,Kids' TV,fast & furious spy racers,7.004,19.1665
Gone for Good,2021,France,Crime TV Shows,gone for good,0.0,0.2939
The Kingdom,2021,Argentina,Crime TV Shows,the kingdom,10.0,0.8379
Valeria,2021,Spain,International TV Shows,valeria,6.0,0.6697
Lokillo: Nothing's the Same,2021,Colombia,Stand-Up Comedy,lokillo: nothing's the same,7.1,0.0596
Monster Hunter: Legends of the Guild,2021,"United States, Japan",Action & Adventure,monster hunter: legends of the guild,5.665,0.7393
Brother Jekwu,2016,Nigeria,Comedies,brother jekwu,0.0,0.207
La diosa del asfalto,2020,Mexico,Dramas,la diosa del asfalto,6.7,0.1882
Misha and the Wolves,2021,"Belgium, United Kingdom",Documentaries,misha and the wolves,6.9,0.822
The Kissing Booth 3,2021,"United Kingdom, United States",Comedies,the kissing booth 3,6.861,1.9523
The Railway Man,2013,"Switzerland, United Kingdom, Australia",Dramas,the railway man,6.839,1.105
Gabby's Dollhouse,2021,United States,Kids' TV,gabby's dollhouse,6.6,7.6447
Untold: Malice at the Palace,2021,United States,Documentaries,untold: malice at the palace,7.139,0.612
Quartet,2012,United Kingdom,Comedies,quartet,6.488,0.7491
Slay,2021,South Africa,Comedies,slay,6.0,0.2379
Takizawa Kabuki ZERO 2020 The Movie,2020,Unknown,International Movies,takizawa kabuki zero 2020 the movie,0.0,0.1992
The Paper Tigers,2021,United States,Action & Adventure,the paper tigers,6.771,0.3428
Hit & Run,2021,"Israel, United States",TV Action & Adventure,hit & run,7.0,0.1721
Navarasa,2021,India,TV Shows,navarasa,3.0,0.1306
Quam's Money,2020,Nigeria,Comedies,quam's money,3.8,0.1953
The Swarm,2021,France,Horror Movies,the swarm,5.008,1.3896
Vivo,2021,"Canada, United States",Children & Family Movies,vivo,7.25,2.7236
Chennai Express,2013,India,Action & Adventure,chennai express,6.512,2.2668
City of God: 10 Years Later,2013,Brazil,Documentaries,city of god: 10 years later,6.8,0.7425
Esperando la carroza,1985,Argentina,Comedies,esperando la carroza,8.01,0.4908
Lady Boss: The Jackie Collins Story,2021,United Kingdom,Documentaries,lady boss: the jackie collins story,6.2,0.3476
Tango Feroz,1993,"Argentina, Spain",Classic Movies,tango feroz,6.25,0.277
'76,2016,Nigeria,Dramas,'76,6.1,0.2169
Aftermath,2021,United States,Horror Movies,aftermath,4.768,0.71
Control Z,2021,Mexico,International TV Shows,control z,0.0,0.0797
Heavy,1995,United States,Dramas,heavy,6.6,0.7643
Ije: The Journey,2010,"United States, Nigeria",Dramas,ije: the journey,6.0,0.0992
Office Girls,2011,Taiwan,International TV Shows,office girls,0.0,0.1712
Pray Away,2021,United States,Documentaries,pray away,6.698,0.4763
Shiny_Flakes: The Teenage Drug Lord,2021,Unknown,Documentaries,shiny_flakes: the teenage drug lord,7.514,0.7702
Two Fathers,2013,Taiwan,International TV Shows,two fathers,7.0,0.0728
You're My Destiny,2008,Taiwan,International TV Shows,you're my destiny,6.0,0.3391
30 Rock,2012,United States,TV Comedies,30 rock,10.0,0.0648
44 Cats,2020,Italy,Kids' TV,44 cats,0.0,0.0
Beethoven,1992,United States,Children & Family Movies,beethoven,5.834,3.2738
Beethoven's 2nd,1993,United States,Children & Family Movies,beethoven's 2nd,5.5,1.3427
Beowulf,2007,"United States, United Kingdom",Action & Adventure,beowulf,5.906,4.4426
Boyka: Undisputed,2016,"Bulgaria, United States",Action & Adventure,boyka: undisputed,7.181,10.4802
Catch Me If You Can,2002,"United States, Canada",Dramas,catch me if you can,7.976,12.0975
Cloudy with a Chance of Meatballs,2009,"United States, Canada",Children & Family Movies,cloudy with a chance of meatballs,6.655,5.6951
Deep Blue Sea,1999,"United States, Mexico",Action & Adventure,deep blue sea,5.991,5.03
Ferris Bueller's Day Off,1986,United States,Classic Movies,ferris bueller's day off,7.566,4.8627
Five Feet Apart,2019,United States,Dramas,five feet apart,8.221,5.4991
Freedomland,2006,United States,Dramas,freedomland,5.234,4.4736
Friday Night Lights,2010,Unknown,TV Dramas,friday night lights,6.9,1.5574
Good Luck Chuck,2007,"United States, Canada",Comedies,good luck chuck,5.909,8.2609
I missed you: Director's Cut,2021,Unknown,Dramas,i missed you: director's cut,6.6,0.6794
Inception,2010,"United States, United Kingdom",Action & Adventure,inception,8.37,30.3895
Magnolia,1999,United States,Dramas,magnolia,7.732,4.5931
Major Payne,1995,United States,Comedies,major payne,6.449,3.1627
My Girl,1991,United States,Dramas,my girl,7.407,7.5063
My Girl 2,1994,United States,Children & Family Movies,my girl 2,6.0,1.5993
Open Season: Scared Silly,2015,"United States, Canada",Children & Family Movies,open season: scared silly,5.947,2.4065
Pineapple Express,2008,United States,Action & Adventure,pineapple express,6.642,4.1576
Planet 51,2009,"Spain, United Kingdom, United States",Children & Family Movies,planet 51,5.885,4.2487
Poms,2019,"United Kingdom, United States",Comedies,poms,6.538,1.0117
Seabiscuit,2003,United States,Dramas,seabiscuit,7.057,2.6915
Space Cowboys,2000,United States,Action & Adventure,space cowboys,6.394,2.9489
Team America: World Police,2004,"United States, Germany",Action & Adventure,team america: world police,6.735,3.7653
The Edge of Seventeen,2016,"United States, China",Comedies,the edge of seventeen,7.159,3.3264
The Haunting in Connecticut 2: Ghosts of Georgia,2013,United States,Horror Movies,the haunting in connecticut 2: ghosts of georgia,5.8,1.1123
The Last Boy Scout,1991,United States,Action & Adventure,the last boy scout,6.829,4.1008
The Lincoln Lawyer,2011,United States,Dramas,the lincoln lawyer,7.206,4.2185
The Losers,2010,"United States, France",Action & Adventure,the losers,6.249,3.4351
The Machinist,2004,"Spain, France, United Kingdom, United States",Dramas,the machinist,7.522,3.9769
The Net,1995,United States,Thrillers,the net,6.0,3.4686
The Original Kings of Comedy,2000,United States,Stand-Up Comedy,the original kings of comedy,6.409,0.881
Valentine's Day,2010,United States,Comedies,valentine's day,5.92,9.8785
Charmed,2021,United States,TV Dramas,charmed,4.5,1.3209
The Lost Café,2018,Unknown,Dramas,the lost café,5.0,0.0528
The Vault,2021,Unknown,Action & Adventure,the vault,2.0,0.1826
Eyes of a Thief,2014,", France, Algeria",Dramas,eyes of a thief,4.9,0.1116
Glow Up,2021,United Kingdom,British TV Shows,glow up,0.0,0.1029
I'm Glad I Did,2020,Unknown,Documentaries,i'm glad i did,7.6,0.0919
Myth & Mogul: John DeLorean,2021,Unknown,British TV Shows,myth & mogul: john delorean,6.418,3.8545
Outer Banks,2021,United States,TV Action & Adventure,outer banks,10.0,0.0327
Pomegranates and Myrrh,2009,Unknown,Dramas,pomegranates and myrrh,5.2,0.2933
Rurouni Kenshin: The Beginning,2021,Unknown,Action & Adventure,rurouni kenshin: the beginning,7.655,3.7764
The Last Mercenary,2021,Unknown,Action & Adventure,the last mercenary,6.377,1.5851
Flower Girl,2013,Nigeria,Comedies,flower girl,9.0,0.5914
Resort to Love,2021,Unknown,Comedies,resort to love,7.126,1.6993
Bartkowiak,2021,Poland,Action & Adventure,bartkowiak,6.0,0.4235
Fantastic Fungi,2019,United States,Documentaries,fantastic fungi,7.24,1.3892
The Flash,2021,United States,Crime TV Shows,the flash,6.62,15.0554
All American,2021,United States,TV Dramas,all american,10.0,0.2327
Department,2012,India,Action & Adventure,department,6.3,0.3468
Hostage House,2021,Unknown,Thrillers,hostage house,6.469,0.7567
Mighty Express,2021,"United States, Canada",Kids' TV,mighty express,4.7,0.2804
Mimi,2021,Unknown,Comedies,mimi,5.2,0.237
The Operative,2019,"France, Israel, Germany, United States, United Kingdom",Dramas,the operative,5.835,1.015
The Walking Dead,2019,United States,Classic & Cult TV,the walking dead,3.265,0.3869
Wynonna Earp,2020,"Canada, United States",International TV Shows,wynonna earp,6.586,0.5941
Django Unchained,2012,United States,Action & Adventure,django unchained,8.187,13.5873
A Second Chance:  Rivals!,2021,Australia,Children & Family Movies,a second chance:  rivals!,6.941,0.6311
African America,2021,Unknown,Dramas,african america,2.0,0.5458
Bankrolled,2021,Unknown,Comedies,bankrolled,5.5,0.3423
Blood Red Sky,2021,Unknown,Action & Adventure,blood red sky,6.801,3.2702
Kingdom: Ashin of the North,2021,Unknown,Horror Movies,kingdom: ashin of the north,7.1,2.8454
Sky Rojo,2021,Spain,International TV Shows,sky rojo,6.801,3.2702
The Last Letter From Your Lover,2021,United Kingdom,Dramas,the last letter from your lover,7.332,2.0
The Movies That Made Us,2021,United States,Docuseries,the movies that made us,0.0,0.0286
9to5: The Story of a Movement,2021,Unknown,Documentaries,9to5: the story of a movement,7.7,0.1238
Chhota Bheem - Dinosaur World,2015,Unknown,Children & Family Movies,chhota bheem - dinosaur world,0.0,0.0534
Chhota Bheem - Neeli Pahaadi,2013,Unknown,Children & Family Movies,chhota bheem - neeli pahaadi,10.0,0.1386
Chhota Bheem & Ganesh,2009,Unknown,Children & Family Movies,chhota bheem & ganesh,6.3,0.1827
Chhota Bheem & Krishna: Mayanagari,2011,Unknown,Children & Family Movies,chhota bheem & krishna: mayanagari,6.3,0.1827
Chhota Bheem & Krishna: Pataliputra- City of the Dead,2010,Unknown,Children & Family Movies,chhota bheem & krishna: pataliputra- city of the dead,6.3,0.1827
Chhota Bheem And The Broken Amulet,2013,India,Children & Family Movies,chhota bheem and the broken amulet,0.0,0.0757
Chhota Bheem And The Crown of Valhalla,2013,Unknown,Children & Family Movies,chhota bheem and the crown of valhalla,10.0,0.0814
Chhota Bheem and the Incan Adventure,2013,Unknown,Children & Family Movies,chhota bheem and the incan adventure,0.0,0.0879
Chhota Bheem and The ShiNobi Secret,2013,Unknown,Children & Family Movies,chhota bheem and the shinobi secret,0.0,0.0811
Chhota Bheem Aur Hanuman,2012,Unknown,Children & Family Movies,chhota bheem aur hanuman,6.2,0.076
Chhota Bheem aur Krishna,2009,India,Children & Family Movies,chhota bheem aur krishna,10.0,0.2726
Chhota Bheem in African Safari,2015,Unknown,Children & Family Movies,chhota bheem in african safari,0.0,0.0239
Chhota Bheem Ka Roosi Romanch,2019,Unknown,Children & Family Movies,chhota bheem ka roosi romanch,0.0,0.0499
Chhota Bheem: Bheem vs Aliens,2010,Unknown,Children & Family Movies,chhota bheem: bheem vs aliens,5.5,0.1511
Chhota Bheem: Dholakpur to Kathmandu,2012,Unknown,Children & Family Movies,chhota bheem: dholakpur to kathmandu,7.0,0.1001
Chhota Bheem: Dus Pe Dus,2014,Unknown,Children & Family Movies,chhota bheem: dus pe dus,0.0,0.0338
Chhota Bheem: Journey to Petra,2011,Unknown,Children & Family Movies,chhota bheem: journey to petra,0.0,0.264
Chhota Bheem: Master of Shaolin,2011,Unknown,Children & Family Movies,chhota bheem: master of shaolin,8.0,0.114
Chhota Bheem: The Rise of Kirmada,2012,Unknown,Children & Family Movies,chhota bheem: the rise of kirmada,4.7,0.3743
Chicago Med,2019,United States,TV Dramas,chicago med,6.673,3.6442
Cousins,2021,New Zealand,Dramas,cousins,6.7,0.3501
Wannabe Courageous,2019,Unknown,Comedies,wannabe courageous,4.7,0.5954
Words Bubble Up Like Soda Pop,2021,Unknown,Anime Features,words bubble up like soda pop,7.346,1.6106
Sanitation Day,2020,Nigeria,Dramas,sanitation day,4.7,0.128
Sexy Beasts,2021,Unknown,British TV Shows,sexy beasts,0.0,0.0143
Trollhunters: Rise of the Titans,2021,Unknown,Children & Family Movies,trollhunters: rise of the titans,7.554,2.4008
Milkwater,2020,United States,Comedies,milkwater,4.143,0.1813
The Tambour of Retribution,2021,Saudi Arabia,Dramas,the tambour of retribution,5.9,0.1893
Cosmic Sin,2021,United States,Action & Adventure,cosmic sin,4.0,1.7957
2 Weeks in Lagos,2020,Unknown,Dramas,2 weeks in lagos,2.0,0.2142
Deep,2021,Thailand,Dramas,deep,5.98,1.5484
Explained,2021,United States,Docuseries,explained,0.0,0.1608
Fear Street Part 3: 1666,2021,Unknown,Horror Movies,fear street part 3: 1666,7.1,2.0289
Johnny Test,2021,"United States, Canada",Kids' TV,johnny test,3.6,0.1949
La ley de Herodes,1999,Unknown,Comedies,la ley de herodes,7.9,1.2131
Naomi Osaka,2021,Unknown,Docuseries,naomi osaka,0.0,0.0311
The Beguiled,2017,United States,Dramas,the beguiled,7.0,1.6261
The Book of Henry,2017,United States,Dramas,the book of henry,7.492,1.9211
The Twilight Saga: Breaking Dawn: Part 1,2011,United States,Dramas,the twilight saga: breaking dawn: part 1,6.192,8.638
The Twilight Saga: Breaking Dawn: Part 2,2012,United States,Dramas,the twilight saga: breaking dawn: part 2,6.459,9.483
The Twilight Saga: Eclipse,2010,United States,Dramas,the twilight saga: eclipse,6.197,7.2455
The Twilight Saga: New Moon,2009,United States,Dramas,the twilight saga: new moon,5.992,9.2273
Twilight,2008,United States,Action & Adventure,twilight,6.282,14.7887
A Perfect Fit,2021,Indonesia,Comedies,a perfect fit,7.236,0.4355
Cheech & Chong's Still Smokin,1983,Unknown,Comedies,cheech & chong's still smokin,4.5,0.0969
Emicida: AmarElo - Live in São Paulo,2021,Unknown,Documentaries,emicida: amarelo - live in são paulo,7.9,0.0596
Her Private Life,2019,South Korea,International TV Shows,her private life,1.333,0.0938
Lift Like a Girl,2021,"Egypt, Denmark, Germany",Documentaries,lift like a girl,5.75,0.0264
My Amanda,2021,Unknown,Dramas,my amanda,5.7,0.5004
Never Have I Ever,2021,United States,TV Comedies,never have i ever,5.0,0.0533
Surf's Up,2007,"United States, Canada",Children & Family Movies,surf's up,6.484,5.3758
The Unknown Saint,2019,Unknown,Comedies,the unknown saint,6.371,0.4326
This Changes Everything,2019,United States,Documentaries,this changes everything,6.0,1.2189
A Classic Horror Story,2021,Italy,Horror Movies,a classic horror story,5.8,2.1769
Gunpowder Milkshake,2021,Unknown,Action & Adventure,gunpowder milkshake,6.274,4.7098
Heist,2021,Unknown,Crime TV Shows,heist,6.321,3.7605
Private Network: Who Killed Manuel Buendía?,2021,Unknown,Documentaries,private network: who killed manuel buendía?,7.3,0.2479
The Guide to the Perfect Family,2021,Unknown,Comedies,the guide to the perfect family,6.49,0.4881
American Woman,2019,"United States, Canada",Dramas,american woman,6.329,3.411
Day of Destiny,2021,Unknown,Children & Family Movies,day of destiny,4.667,0.2345
Born to Play,2020,United States,Documentaries,born to play,1.0,0.155
American Ultra,2015,"United States, Switzerland",Action & Adventure,american ultra,6.091,3.9748
The Stand-Up,2019,Unknown,Stand-Up Comedy,the stand-up,0.0,0.0409
The Tour,2016,Unknown,Comedies,the tour,0.0,0.0453
Atypical,2021,United States,TV Comedies,atypical,5.5,2.4504
Fear Street Part 2: 1978,2021,Unknown,Horror Movies,fear street part 2: 1978,7.2,3.7639
Finding Hubby,2020,Unknown,Comedies,finding hubby,2.7,0.1649
How I Became a Superhero,2021,Unknown,Action & Adventure,how i became a superhero,6.085,1.4154
Last Summer,2021,Unknown,Dramas,last summer,6.2,0.1904
Lee Su-geun: The Sense Coach,2021,Unknown,Stand-Up Comedy,lee su-geun: the sense coach,2.5,0.3857
Lethal Love,2021,Unknown,Thrillers,lethal love,4.7,0.4956
Ratchet and Clank,2016,"Hong Kong, Canada, United States",Children & Family Movies,ratchet and clank,9.0,0.1528
Virgin River,2021,United States,Romantic TV Shows,virgin river,0.0,0.0143
Back to Q82,2017,"Kuwait, United States",Comedies,back to q82,4.0,0.0812
Home Again,2017,United States,Comedies,home again,6.107,1.8251
Midnight Sun,2018,United States,Dramas,midnight sun,0.0,0.0311
Rock the Kasbah,2015,United States,Comedies,rock the kasbah,5.39,1.4398
Awon Boyz,2019,Unknown,Documentaries,awon boyz,0.0,0.0071
Brick Mansions,2014,"France, Canada, United States, Spain",Action & Adventure,brick mansions,5.905,3.0157
Cat People,2021,Unknown,Docuseries,cat people,6.927,3.8587
Clash,2020,Unknown,Dramas,clash,2.0,0.2799
Dogs,2021,United States,Docuseries,dogs,5.417,0.4271
Major Grom: Plague Doctor,2021,Unknown,Action & Adventure,major grom: plague doctor,6.6,1.7278
Mama Drama,2020,Unknown,Dramas,mama drama,0.0,0.2012
Tango With Me,2010,Nigeria,Dramas,tango with me,0.0,0.1043
The Mire,2021,Poland,Crime TV Shows,the mire,0.0,0.2101
The War Next-door,2021,Unknown,International TV Shows,the war next-door,4.4,0.5268
Therapy,2020,Unknown,Dramas,therapy,6.0,0.0655
This Little Love Of Mine,2021,Australia,International Movies,this little love of mine,6.063,0.7319
Three Thieves,2019,Unknown,Comedies,three thieves,8.0,0.102
A Land Imagined,2019,"France, Netherlands, Singapore",Dramas,a land imagined,5.983,0.5026
Between,2016,Canada,International TV Shows,between,7.0,0.3416
Chelsea,2017,United States,Stand-Up Comedy & Talk Shows,chelsea,0.0,0.0978
Colony,2018,United States,TV Action & Adventure,colony,7.0,0.1402
Cuckoo,2019,United Kingdom,British TV Shows,cuckoo,4.5,2.5715
Girl from Nowhere,2021,Thailand,International TV Shows,girl from nowhere,4.25,0.5498
Good Morning Call,2017,Japan,International TV Shows,good morning call,7.0,0.3391
Har Kisse Ke Hisse: Kaamyaab,2020,India,Dramas,har kisse ke hisse: kaamyaab,6.7,0.2962
I AM A KILLER,2020,United Kingdom,British TV Shows,i am a killer,0.0,0.1189
Larva,2015,Russia,Kids' TV,larva,0.0,1.599
Marcella,2019,United Kingdom,British TV Shows,marcella,0.0,0.1517
My Little Pony: Friendship Is Magic,2018,"United States, Canada",Kids' TV,my little pony: friendship is magic,3.8,0.053
Orange Is the New Black,2019,United States,TV Comedies,orange is the new black,0.0,0.0239
Puffin Rock,2016,"Ireland, United States, United Kingdom",Kids' TV,puffin rock,6.6,0.3697
Rehmataan,2012,India,Dramas,rehmataan,0.0,0.0214
Return of the Prodigal Son,1976,Egypt,Dramas,return of the prodigal son,6.365,0.3303
Richie Rich,2015,United States,Kids' TV,richie rich,4.1,0.3201
Rise: Ini Kalilah,2018,Malaysia,Dramas,rise: ini kalilah,7.5,0.1866
Scream,2019,United States,Crime TV Shows,scream,7.4,17.1558
Si Doel the Movie 2,2019,Indonesia,Dramas,si doel the movie 2,6.6,0.0744
Some Assembly Required,2015,Canada,Kids' TV,some assembly required,0.0,0.0256
Tales by Light,2018,Australia,Docuseries,tales by light,0.0,0.2643
The A List,2021,United Kingdom,British TV Shows,the a list,5.8,1.3543
The Worst Witch,2020,"United Kingdom, Germany",British TV Shows,the worst witch,6.0,0.9072
Truckbhar Swapna,2018,India,Comedies,truckbhar swapna,10.0,0.0992
Ujala,1959,India,Dramas,ujala,4.4,0.1117
Undercover,2020,"Belgium, Netherlands",Crime TV Shows,undercover,5.4,3.4835
We the People,2021,United States,Kids' TV,we the people,2.8,0.4462
Grey's Anatomy,2020,United States,Romantic TV Shows,grey's anatomy,10.0,0.5048
Big Timber,2020,Unknown,International TV Shows,big timber,0.0,0.08
Fear Street Part 1: 1994,2021,Unknown,Horror Movies,fear street part 1: 1994,6.694,2.5955
Haseen Dillruba,2021,India,International Movies,haseen dillruba,6.737,0.8231
Holiday on Mars,2020,Unknown,Comedies,holiday on mars,0.0,0.0214
Mortel,2019,France,Crime TV Shows,mortel,0.0,0.0214
RattleSnake - The Ahanna Story,2020,Nigeria,Dramas,rattlesnake - the ahanna story,5.0,0.2083
Snowpiercer,2013,"South Korea, Czech Republic",Action & Adventure,snowpiercer,6.909,12.625
The 8th Night,2021,South Korea,Horror Movies,the 8th night,6.099,1.7238
Winchester,2018,"Australia, United States",Horror Movies,winchester,5.885,1.6328
6 Bullets,2012,United States,Action & Adventure,6 bullets,6.251,1.2587
Air Force One,1997,"United States, Germany",Action & Adventure,air force one,6.469,4.4314
Audible,2021,Unknown,Documentaries,audible,6.823,1.9706
Austin Powers in Goldmember,2002,United States,Action & Adventure,austin powers in goldmember,6.011,4.4671
Austin Powers: International Man of Mystery,1997,United States,Comedies,austin powers: international man of mystery,6.59,4.8965
Austin Powers: The Spy Who Shagged Me,1999,United States,Action & Adventure,austin powers: the spy who shagged me,6.3,4.4495
Boogie Nights,1997,United States,Comedies,boogie nights,7.629,6.6444
Charlie's Angels,2000,"United States, Germany",Action & Adventure,charlie's angels,6.39,7.9683
Congo,1995,United States,Action & Adventure,congo,5.59,3.8902
Dennis the Menace,1993,United States,Children & Family Movies,dennis the menace,5.883,3.8404
Dreamy Eyes,2019,Vietnam,Dramas,dreamy eyes,6.7,0.4515
Dynasty Warriors,2021,Unknown,Action & Adventure,dynasty warriors,5.892,2.4458
Hampstead,2019,"United Kingdom, Belgium",Comedies,hampstead,5.995,0.8072
Kung Fu Panda,2008,"United States, China",Children & Family Movies,kung fu panda,7.315,12.4147
Kung Fu Panda 2,2011,"United States, China",Children & Family Movies,kung fu panda 2,7.059,9.3873
Life as We Know It,2010,United States,Comedies,life as we know it,6.902,2.7427
Mary Magdalene,2019,"United Kingdom, Australia, United States",Dramas,mary magdalene,6.293,1.85
Memoirs of a Geisha,2005,"France, Japan, United States",Dramas,memoirs of a geisha,7.644,4.384
Midnight Run,1988,United States,Action & Adventure,midnight run,7.191,2.3003
Mobile Suit Gundam Hathaway,2021,Unknown,Action & Adventure,mobile suit gundam hathaway,7.2,3.4925
Mortal Kombat,1995,United States,Action & Adventure,mortal kombat,6.992,6.4531
Mother's Day,2016,United States,Comedies,mother's day,6.47,1.081
No Strings Attached,2011,"United States, United Kingdom",Comedies,no strings attached,6.295,5.8325
Not Another Teen Movie,2001,United States,Comedies,not another teen movie,5.8,4.8721
Ophelia,2018,"United Kingdom, United States",Dramas,ophelia,6.0,0.154
Pet Sematary 2,1992,Unknown,Horror Movies,pet sematary 2,5.477,2.2246
Quarantine Tales,2020,Unknown,International TV Shows,quarantine tales,6.9,0.1607
Red Joan,2019,United Kingdom,Dramas,red joan,6.643,3.1963
Sailor Moon Crystal,2016,Unknown,Anime Series,sailor moon crystal,7.844,1.7389
Seven Pounds,2008,United States,Dramas,seven pounds,7.603,4.5326
She's Out of My League,2010,United States,Comedies,she's out of my league,6.481,4.5896
Snow Day,2000,United States,Children & Family Movies,snow day,5.1,1.9423
Star Trek,2009,"United States, Germany",Action & Adventure,star trek,7.4,8.3679
Stuart Little,1999,"Germany, United States",Children & Family Movies,stuart little,6.067,4.3764
Sword of Trust,2019,United States,Comedies,sword of trust,5.9,0.3399
Talladega Nights: The Ballad of Ricky Bobby,2006,United States,Action & Adventure,talladega nights: the ballad of ricky bobby,6.365,2.3717
The American,2010,"United States, United Kingdom",Dramas,the american,5.971,3.8569
The Best of Enemies,2019,United States,Dramas,the best of enemies,7.4,0.9665
Esperando La Carroza,1985,Argentina,Comedies,esperando la carroza,8.01,0.4908
Love In A Puff,2010,Hong Kong,Comedies,love in a puff,7.04,0.6497
