title,vote_average,popularity,title_clean
Dick Johnson Is Dead,7.112,0.5826,dick johnson is dead
Blood & Water,5.5,0.7032,blood & water
Ganglands,0.0,0.5213,ganglands
Midnight Mass,4.233,0.1379,midnight mass
My Little Pony: A New Generation,7.7,1.6906,my little pony: a new generation
Sankofa,5.6,0.3652,sankofa
The Starling,6.926,1.0442,the starling
Bangkok Breaking,6.822,1.866,bangkok breaking
Je Suis Karl,5.281,0.6101,je suis karl
Confessions of an Invisible Girl,6.649,0.9346,confessions of an invisible girl
Dear White People,6.105,0.6597,dear white people
Europe's Most Dangerous Man: Otto Skorzeny in Spain,6.7,0.7446,europe's most dangerous man: otto skorzeny in spain
Falsa identidad,4.3,0.2571,falsa identidad
Intrusion,5.942,1.3175,intrusion
Jaguar,5.0,0.0585,jaguar
Go! Go! Cory Carson: Chrissy Takes the Wheel,5.893,0.1863,go! go! cory carson: chrissy takes the wheel
Jeans,0.0,0.687,jeans
Minsara Kanavu,6.7,0.6382,minsara kanavu
Grown Ups,6.396,11.9855,grown ups
Dark Skies,6.331,2.8431,dark skies
Paranoia,6.51,3.5241,paranoia
Ankahi Kahaniya,5.8,0.371,ankahi kahaniya
Sex Education,6.5,0.9393,sex education
Squid Game,8.418,3.9801,squid game
The Father Who Moves Mountains,5.8,0.6027,the father who moves mountains
The Stronghold,7.365,2.3698,the stronghold
Angry Birds,7.048,6.4001,angry birds
Birth of the Dragon,5.799,1.7316,birth of the dragon
Chhota Bheem,6.3,0.1827,chhota bheem
He-Man and the Masters of the Universe,6.939,0.6835,he-man and the masters of the universe
Jaws,7.68,12.6598,jaws
Jaws 2,6.036,3.7002,jaws 2
Jaws 3,4.47,4.0533,jaws 3
Jaws: The Revenge,4.081,2.7181,jaws: the revenge
My Heroes Were Cowboys,6.4,0.3404,my heroes were cowboys
Safe House,6.486,4.2769,safe house
Training Day,7.511,9.5025,training day
Castle and Castle,7.684,81.8425,castle and castle
InuYasha the Movie 2: The Castle Beyond the Looking Glass,7.671,2.2318,inuyasha the movie 2: the castle beyond the looking glass
InuYasha the Movie 3: Swords of an Honorable Ruler,7.7,1.9886,inuyasha the movie 3: swords of an honorable ruler
InuYasha the Movie 4: Fire on the Mystic Island,7.5,1.8616,inuyasha the movie 4: fire on the mystic island
InuYasha the Movie: Affections Touching Across Time,7.536,2.1092,inuyasha the movie: affections touching across time
Nailed It,6.0,0.2067,nailed it
Naruto Shippuden the Movie: Blood Prison,7.253,5.7663,naruto shippuden the movie: blood prison
Naruto Shippûden the Movie: Bonds,7.33,5.4842,naruto shippûden the movie: bonds
Naruto Shippûden the Movie: The Will of Fire,7.384,5.8823,naruto shippûden the movie: the will of fire
Naruto Shippuden: The Movie,7.408,6.5687,naruto shippuden: the movie
Naruto Shippuden: The Movie: The Lost Tower,7.178,5.6433,naruto shippuden: the movie: the lost tower
Naruto the Movie 2: Legend of the Stone of Gelel,6.795,4.8734,naruto the movie 2: legend of the stone of gelel
Naruto the Movie 3: Guardians of the Crescent Moon Kingdom,7.122,5.4533,naruto the movie 3: guardians of the crescent moon kingdom
Naruto the Movie: Ninja Clash in the Land of Snow,7.299,5.3787,naruto the movie: ninja clash in the land of snow
Nightbooks,6.116,4.9081,nightbooks
Saved by the Bell,0.0,0.0414,saved by the bell
Schumacher,7.274,3.4776,schumacher
A StoryBots Space Adventure,2.0,0.175,a storybots space adventure
King of Boys,6.4,0.3565,king of boys
You vs. Wild: Out Cold,5.7,0.1819,you vs. wild: out cold
Yowamushi Pedal,6.0,3.2543,yowamushi pedal
Little Singham - Black Shadow,10.0,0.0621,little singham - black shadow
Tughlaq Durbar,6.0,0.3062,tughlaq durbar
Firedrake the Silver Dragon,7.015,1.6923,firedrake the silver dragon
Kate,6.633,2.9518,kate
Lucifer,7.7,2.1361,lucifer
Omo Ghetto: the Saga,4.3,0.0801,omo ghetto: the saga
Prey,7.667,13.4602,prey
Blood Brothers: Malcolm X & Muhammad Ali,7.3,0.4593,blood brothers: malcolm x & muhammad ali
Mighty Raju,1.0,0.1555,mighty raju
Paradise Hills,0.0,0.102,paradise hills
The Women and the Murderer,6.192,0.6476,the women and the murderer
Into the Night,6.5,2.5458,into the night
JJ+E,5.771,1.2805,jj+e
Show Dogs,5.959,4.7527,show dogs
The Circle,5.524,4.1825,the circle
If I Leave Here Tomorrow: A Film About Lynyrd Skynyrd,7.683,0.2817,if i leave here tomorrow: a film about lynyrd skynyrd
Kid Cosmic,0.0,0.0168,kid cosmic
Octonauts: Above & Beyond,0.0,0.0,octonauts: above & beyond
On the Verge,0.0,0.0362,on the verge
Untold: Breaking Point,7.5,0.5452,untold: breaking point
Shadow Parties,10.0,0.083,shadow parties
Tayo the Little Bus,0.0,0.0286,tayo the little bus
Angamaly Diaries,7.397,0.3511,angamaly diaries
A Champion Heart,7.8,0.3578,a champion heart
La casa de papel,7.442,1.8222,la casa de papel
Sharkdog,0.0,0.0286,sharkdog
Worth,6.707,1.3892,worth
Afterlife of the Party,6.7,0.7466,afterlife of the party
Anjaam,0.0,0.0747,anjaam
Bright Star,6.6,1.3124,bright star
Dhanak,7.4,0.4387,dhanak
Final Account,7.4,0.8806,final account
Gurgaon,5.1,0.326,gurgaon
Here and There,0.0,0.0286,here and there
In the Cut,5.1,1.9275,in the cut
Pororo - The Little Penguin,5.4,0.5465,pororo - the little penguin
Q-Force,4.0,0.3773,q-force
Shikara,4.222,3.2612,shikara
A Cinderella Story,6.6,5.7952,a cinderella story
An Unfinished Life,6.8,1.4536,an unfinished life
Barbie Big City Big Dreams,7.0,0.7457,barbie big city big dreams
Blade Runner: The Final Cut,7.94,14.9627,blade runner: the final cut
Chappie,6.785,8.7819,chappie
Clear and Present Danger,6.641,4.0885,clear and present danger
Cliffhanger,6.517,4.9778,cliffhanger
Cold Mountain,6.938,3.5209,cold mountain
Crocodile Dundee in Los Angeles,5.217,1.907,crocodile dundee in los angeles
Dear John,6.846,3.5453,dear john
Do the Right Thing,7.769,3.0186,do the right thing
"El patrón, radiografía de un crimen",7.6,0.2999,"el patrón, radiografía de un crimen"
Extraction,4.9,1.2398,extraction
Freedom Writers,7.9,3.5211,freedom writers
Green Lantern,5.176,5.7521,green lantern
House Party,6.404,4.0857,house party
House Party 2,5.3,0.5471,house party 2
House Party 3,5.1,0.867,house party 3
I Got the Hook Up,5.3,0.5939,i got the hook up
In Too Deep,6.391,1.2798,in too deep
Initial D,6.85,3.1046,initial d
Janoskians: Untold and Untrue,5.1,0.1141,janoskians: untold and untrue
Kid-E-Cats,6.0,0.2163,kid-e-cats
Kuroko's Basketball,7.638,3.1054,kuroko's basketball
Labyrinth,7.279,6.5256,labyrinth
Letters to Juliet,7.002,3.8852,letters to juliet
Level 16,6.759,1.4361,level 16
Love Don't Cost a Thing,7.548,5.5089,love don't cost a thing
Love in a Puff,7.04,0.6497,love in a puff
Mars Attacks!,6.414,6.1519,mars attacks!
Marshall,7.245,3.3959,marshall
My Boss's Daughter,5.048,1.2489,my boss's daughter
Mystery Men,5.829,2.6477,mystery men
Once Upon a Time in America,8.386,12.2777,once upon a time in america
Open Season 2,5.871,3.4057,open season 2
Osmosis Jones,6.49,3.0071,osmosis jones
Poseidon,5.9,4.7954,poseidon
Rhyme & Reason,0.0,0.2466,rhyme & reason
Same Kind of Different as Me,6.8,0.9114,same kind of different as me
School of Rock,7.084,5.9752,school of rock
Snervous Tyler Oakley,5.067,0.1461,snervous tyler oakley
Tears of the Sun,6.884,5.2188,tears of the sun
The Blue Lagoon,6.144,4.7209,the blue lagoon
The Golden Child,5.936,2.8969,the golden child
The Guns of Navarone,7.304,2.6774,the guns of navarone
The Interview,6.19,6.715,the interview
The Nutty Professor,4.8,0.4565,the nutty professor
The Nutty Professor II: The Klumps,5.015,2.1606,the nutty professor ii: the klumps
Welcome Home Roscoe Jenkins,5.992,1.8568,welcome home roscoe jenkins
In the Line of Fire,6.965,3.667,in the line of fire
Untold: Crime & Penalties,7.1,0.3357,untold: crime & penalties
2 Alone in Paris,5.121,2.8722,2 alone in paris
Bread Barbershop,0.0,0.367,bread barbershop
Thimmarusu,7.8,0.3929,thimmarusu
Wind River,7.432,6.5353,wind river
C Kkompany,5.346,0.3352,c kkompany
D.P.,0.0,0.2277,d.p.
Deadly Sins,7.7,1.9842,deadly sins
EMI: Liya Hai To Chukana Padega,7.0,0.4078,emi: liya hai to chukana padega
He's All That,6.471,2.7935,he's all that
Koi Aap Sa,7.2,0.1633,koi aap sa
Krishna Cottage,5.0,0.5018,krishna cottage
Kucch To Hai,4.2,0.3217,kucch to hai
Kyaa Kool Hai Hum,4.868,0.223,kyaa kool hai hum
Kyaa Kool Hain Hum 3,2.8,0.3103,kyaa kool hain hum 3
Kyaa Super Kool Hain Hum,4.8,0.3247,kyaa super kool hain hum
Kyo Kii... Main Jhuth Nahin Bolta,5.081,0.3664,kyo kii... main jhuth nahin bolta
"LSD: Love, Sex Aur Dhokha",6.156,0.5115,"lsd: love, sex aur dhokha"
Once Upon a Time in Mumbaai,6.672,0.5531,once upon a time in mumbaai
Once Upon a Time in Mumbai Dobaara!,5.1,0.3168,once upon a time in mumbai dobaara!
Ragini MMS,4.6,1.9138,ragini mms
Ragini MMS 2,4.724,0.4577,ragini mms 2
Rebellion,6.0,0.3032,rebellion
RIDE ON TIME,0.0,0.0678,ride on time
SAS: Rise of the Black Swan,5.8,2.0075,sas: rise of the black swan
Shootout at Lokhandwala,6.1,0.6783,shootout at lokhandwala
Shor In the City,6.161,0.425,shor in the city
The Dirty Picture,6.2,3.1924,the dirty picture
EDENS ZERO,0.0,0.3386,edens zero
Family Reunion,8.0,0.5211,family reunion
"Bob Ross: Happy Accidents, Betrayal & Greed",6.736,0.8808,"bob ross: happy accidents, betrayal & greed"
Clickbait,4.5,0.1484,clickbait
Open Your Eyes,5.333,0.587,open your eyes
Really Love,6.5,0.6404,really love
The November Man,6.106,3.2919,the november man
The Old Ways,6.723,0.5819,the old ways
The River Runner,6.2,0.816,the river runner
The Water Man,6.1,1.2228,the water man
Wheel of Fortune,7.2,1.3696,wheel of fortune
Count Me In,6.9,0.3435,count me in
Oggy Oggy,7.1,0.743,oggy oggy
Untold: Caitlyn Jenner,6.5,0.4747,untold: caitlyn jenner
Boomika,5.4,0.5245,boomika
The Witcher: Nightmare of the Wolf,7.431,1.6793,the witcher: nightmare of the wolf
Manifest,8.0,0.2409,manifest
Everything Will Be Fine,4.875,0.1077,everything will be fine
Gunshot,7.0,0.1304,gunshot
Man in Love,7.2,1.598,man in love
Sweet Girl,6.604,5.6177,sweet girl
The Chair,6.0,0.0729,the chair
The Loud House Movie,7.3,2.2516,the loud house movie
A Faraway Land,4.4,0.1573,a faraway land
Like Crazy,6.4,1.3366,like crazy
Black Island,6.0,0.1493,black island
Bombay,0.0,1.6145,bombay
Go! Go! Cory Carson,4.75,0.326,go! go! cory carson
Memories of a Murderer: The Nilsen Tapes,5.947,0.7027,memories of a murderer: the nilsen tapes
Nneka The Pretty Serpent,3.9,0.1762,nneka the pretty serpent
O Kadhal Kanmani,7.0,0.4956,o kadhal kanmani
Out of my league,6.037,0.3976,out of my league
Pahuna,0.0,0.0286,pahuna
The Defeated,0.0,0.5477,the defeated
The Secret Diary of an Exchange Student,6.4,0.5214,the secret diary of an exchange student
Untold: Deal With the Devil,6.857,1.2345,untold: deal with the devil
Walk of Shame,5.964,2.2106,walk of shame
Rascal Does Not Dream of Bunny Girl Senpai,8.255,2.32,rascal does not dream of bunny girl senpai
The Piano,7.377,6.7758,the piano
Unroyal,4.5,3.531,unroyal
Winx Club,7.2,0.7859,winx club
Beckett,6.2,1.2389,beckett
Fast & Furious Spy Racers,7.004,19.1665,fast & furious spy racers
Gone for Good,0.0,0.2939,gone for good
The Kingdom,10.0,0.8379,the kingdom
Valeria,6.0,0.6697,valeria
Lokillo: Nothing's the Same,7.1,0.0596,lokillo: nothing's the same
Monster Hunter: Legends of the Guild,5.665,0.7393,monster hunter: legends of the guild
Brother Jekwu,0.0,0.207,brother jekwu
La diosa del asfalto,6.7,0.1882,la diosa del asfalto
Misha and the Wolves,6.9,0.822,misha and the wolves
The Kissing Booth 3,6.861,1.9523,the kissing booth 3
The Railway Man,6.839,1.105,the railway man
Gabby's Dollhouse,6.6,7.6447,gabby's dollhouse
Untold: Malice at the Palace,7.139,0.612,untold: malice at the palace
Quartet,6.488,0.7491,quartet
Slay,6.0,0.2379,slay
Takizawa Kabuki ZERO 2020 The Movie,0.0,0.1992,takizawa kabuki zero 2020 the movie
The Paper Tigers,6.771,0.3428,the paper tigers
Hit & Run,7.0,0.1721,hit & run
Navarasa,3.0,0.1306,navarasa
Quam's Money,3.8,0.1953,quam's money
The Swarm,5.008,1.3896,the swarm
Vivo,7.25,2.7236,vivo
Chennai Express,6.512,2.2668,chennai express
City of God: 10 Years Later,6.8,0.7425,city of god: 10 years later
Esperando la carroza,8.01,0.4908,esperando la carroza
Lady Boss: The Jackie Collins Story,6.2,0.3476,lady boss: the jackie collins story
Tango Feroz,6.25,0.277,tango feroz
'76,6.1,0.2169,'76
Aftermath,4.768,0.71,aftermath
Control Z,0.0,0.0797,control z
Heavy,6.6,0.7643,heavy
Ije: The Journey,6.0,0.0992,ije: the journey
Office Girls,0.0,0.1712,office girls
Pray Away,6.698,0.4763,pray away
Shiny_Flakes: The Teenage Drug Lord,7.514,0.7702,shiny_flakes: the teenage drug lord
Two Fathers,7.0,0.0728,two fathers
You're My Destiny,6.0,0.3391,you're my destiny
30 Rock,10.0,0.0648,30 rock
44 Cats,0.0,0.0,44 cats
Beethoven,5.834,3.2738,beethoven
Beethoven's 2nd,5.5,1.3427,beethoven's 2nd
Beowulf,5.906,4.4426,beowulf
Boyka: Undisputed,7.181,10.4802,boyka: undisputed
Catch Me If You Can,7.976,12.0975,catch me if you can
Cloudy with a Chance of Meatballs,6.655,5.6951,cloudy with a chance of meatballs
Deep Blue Sea,5.991,5.03,deep blue sea
Ferris Bueller's Day Off,7.566,4.8627,ferris bueller's day off
Five Feet Apart,8.221,5.4991,five feet apart
Freedomland,5.234,4.4736,freedomland
Friday Night Lights,6.9,1.5574,friday night lights
Good Luck Chuck,5.909,8.2609,good luck chuck
I missed you: Director's Cut,6.6,0.6794,i missed you: director's cut
Inception,8.37,30.3895,inception
Magnolia,7.732,4.5931,magnolia
Major Payne,6.449,3.1627,major payne
My Girl,7.407,7.5063,my girl
My Girl 2,6.0,1.5993,my girl 2
Open Season: Scared Silly,5.947,2.4065,open season: scared silly
Pineapple Express,6.642,4.1576,pineapple express
Planet 51,5.885,4.2487,planet 51
Poms,6.538,1.0117,poms
Seabiscuit,7.057,2.6915,seabiscuit
Space Cowboys,6.394,2.9489,space cowboys
Team America: World Police,6.735,3.7653,team america: world police
The Edge of Seventeen,7.159,3.3264,the edge of seventeen
The Haunting in Connecticut 2: Ghosts of Georgia,5.8,1.1123,the haunting in connecticut 2: ghosts of georgia
The Last Boy Scout,6.829,4.1008,the last boy scout
The Lincoln Lawyer,7.206,4.2185,the lincoln lawyer
The Losers,6.249,3.4351,the losers
The Machinist,7.522,3.9769,the machinist
The Net,6.0,3.4686,the net
The Original Kings of Comedy,6.409,0.881,the original kings of comedy
Valentine's Day,5.92,9.8785,valentine's day
Charmed,4.5,1.3209,charmed
The Lost Café,5.0,0.0528,the lost café
The Vault,2.0,0.1826,the vault
Eyes of a Thief,4.9,0.1116,eyes of a thief
Glow Up,0.0,0.1029,glow up
I'm Glad I Did,7.6,0.0919,i'm glad i did
Myth & Mogul: John DeLorean,6.418,3.8545,myth & mogul: john delorean
Outer Banks,10.0,0.0327,outer banks
Pomegranates and Myrrh,5.2,0.2933,pomegranates and myrrh
Rurouni Kenshin: The Beginning,7.655,3.7764,rurouni kenshin: the beginning
The Last Mercenary,6.377,1.5851,the last mercenary
Flower Girl,9.0,0.5914,flower girl
Resort to Love,7.126,1.6993,resort to love
Bartkowiak,6.0,0.4235,bartkowiak
Fantastic Fungi,7.24,1.3892,fantastic fungi
The Flash,6.62,15.0554,the flash
All American,10.0,0.2327,all american
Department,6.3,0.3468,department
Hostage House,6.469,0.7567,hostage house
Mighty Express,4.7,0.2804,mighty express
Mimi,5.2,0.237,mimi
The Operative,5.835,1.015,the operative
The Walking Dead,3.265,0.3869,the walking dead
Wynonna Earp,6.586,0.5941,wynonna earp
Django Unchained,8.187,13.5873,django unchained
A Second Chance:  Rivals!,6.941,0.6311,a second chance:  rivals!
African America,2.0,0.5458,african america
Bankrolled,5.5,0.3423,bankrolled
Blood Red Sky,6.801,3.2702,blood red sky
Kingdom: Ashin of the North,7.1,2.8454,kingdom: ashin of the north
Sky Rojo,6.801,3.2702,sky rojo
The Last Letter From Your Lover,7.332,2.0,the last letter from your lover
The Movies That Made Us,0.0,0.0286,the movies that made us
9to5: The Story of a Movement,7.7,0.1238,9to5: the story of a movement
Chhota Bheem - Dinosaur World,0.0,0.0534,chhota bheem - dinosaur world
Chhota Bheem - Neeli Pahaadi,10.0,0.1386,chhota bheem - neeli pahaadi
Chhota Bheem & Ganesh,6.3,0.1827,chhota bheem & ganesh
Chhota Bheem & Krishna: Mayanagari,6.3,0.1827,chhota bheem & krishna: mayanagari
Chhota Bheem & Krishna: Pataliputra- City of the Dead,6.3,0.1827,chhota bheem & krishna: pataliputra- city of the dead
Chhota Bheem And The Broken Amulet,0.0,0.0757,chhota bheem and the broken amulet
Chhota Bheem And The Crown of Valhalla,10.0,0.0814,chhota bheem and the crown of valhalla
Chhota Bheem and the Incan Adventure,0.0,0.0879,chhota bheem and the incan adventure
Chhota Bheem and The ShiNobi Secret,0.0,0.0811,chhota bheem and the shinobi secret
Chhota Bheem Aur Hanuman,6.2,0.076,chhota bheem aur hanuman
Chhota Bheem aur Krishna,10.0,0.2726,chhota bheem aur krishna
Chhota Bheem in African Safari,0.0,0.0239,chhota bheem in african safari
Chhota Bheem Ka Roosi Romanch,0.0,0.0499,chhota bheem ka roosi romanch
Chhota Bheem: Bheem vs Aliens,5.5,0.1511,chhota bheem: bheem vs aliens
Chhota Bheem: Dholakpur to Kathmandu,7.0,0.1001,chhota bheem: dholakpur to kathmandu
Chhota Bheem: Dus Pe Dus,0.0,0.0338,chhota bheem: dus pe dus
Chhota Bheem: Journey to Petra,0.0,0.264,chhota bheem: journey to petra
Chhota Bheem: Master of Shaolin,8.0,0.114,chhota bheem: master of shaolin
Chhota Bheem: The Rise of Kirmada,4.7,0.3743,chhota bheem: the rise of kirmada
Chicago Med,6.673,3.6442,chicago med
Cousins,6.7,0.3501,cousins
Wannabe Courageous,4.7,0.5954,wannabe courageous
Words Bubble Up Like Soda Pop,7.346,1.6106,words bubble up like soda pop
Sanitation Day,4.7,0.128,sanitation day
Sexy Beasts,0.0,0.0143,sexy beasts
Trollhunters: Rise of the Titans,7.554,2.4008,trollhunters: rise of the titans
Milkwater,4.143,0.1813,milkwater
The Tambour of Retribution,5.9,0.1893,the tambour of retribution
Cosmic Sin,4.0,1.7957,cosmic sin
2 Weeks in Lagos,2.0,0.2142,2 weeks in lagos
Deep,5.98,1.5484,deep
Explained,0.0,0.1608,explained
Fear Street Part 3: 1666,7.1,2.0289,fear street part 3: 1666
Johnny Test,3.6,0.1949,johnny test
La ley de Herodes,7.9,1.2131,la ley de herodes
Naomi Osaka,0.0,0.0311,naomi osaka
The Beguiled,7.0,1.6261,the beguiled
The Book of Henry,7.492,1.9211,the book of henry
The Twilight Saga: Breaking Dawn: Part 1,6.192,8.638,the twilight saga: breaking dawn: part 1
The Twilight Saga: Breaking Dawn: Part 2,6.459,9.483,the twilight saga: breaking dawn: part 2
The Twilight Saga: Eclipse,6.197,7.2455,the twilight saga: eclipse
The Twilight Saga: New Moon,5.992,9.2273,the twilight saga: new moon
Twilight,6.282,14.7887,twilight
A Perfect Fit,7.236,0.4355,a perfect fit
Cheech & Chong's Still Smokin,4.5,0.0969,cheech & chong's still smokin
Emicida: AmarElo - Live in São Paulo,7.9,0.0596,emicida: amarelo - live in são paulo
Her Private Life,1.333,0.0938,her private life
Lift Like a Girl,5.75,0.0264,lift like a girl
My Amanda,5.7,0.5004,my amanda
Never Have I Ever,5.0,0.0533,never have i ever
Surf's Up,6.484,5.3758,surf's up
The Unknown Saint,6.371,0.4326,the unknown saint
This Changes Everything,6.0,1.2189,this changes everything
A Classic Horror Story,5.8,2.1769,a classic horror story
Gunpowder Milkshake,6.274,4.7098,gunpowder milkshake
Heist,6.321,3.7605,heist
Private Network: Who Killed Manuel Buendía?,7.3,0.2479,private network: who killed manuel buendía?
The Guide to the Perfect Family,6.49,0.4881,the guide to the perfect family
American Woman,6.329,3.411,american woman
Day of Destiny,4.667,0.2345,day of destiny
Born to Play,1.0,0.155,born to play
American Ultra,6.091,3.9748,american ultra
The Stand-Up,0.0,0.0409,the stand-up
The Tour,0.0,0.0453,the tour
Atypical,5.5,2.4504,atypical
Fear Street Part 2: 1978,7.2,3.7639,fear street part 2: 1978
Finding Hubby,2.7,0.1649,finding hubby
How I Became a Superhero,6.085,1.4154,how i became a superhero
Last Summer,6.2,0.1904,last summer
Lee Su-geun: The Sense Coach,2.5,0.3857,lee su-geun: the sense coach
Lethal Love,4.7,0.4956,lethal love
Ratchet and Clank,9.0,0.1528,ratchet and clank
Virgin River,0.0,0.0143,virgin river
Back to Q82,4.0,0.0812,back to q82
Home Again,6.107,1.8251,home again
Midnight Sun,0.0,0.0311,midnight sun
Rock the Kasbah,5.39,1.4398,rock the kasbah
Awon Boyz,0.0,0.0071,awon boyz
Brick Mansions,5.905,3.0157,brick mansions
Cat People,6.927,3.8587,cat people
Clash,2.0,0.2799,clash
Dogs,5.417,0.4271,dogs
Major Grom: Plague Doctor,6.6,1.7278,major grom: plague doctor
Mama Drama,0.0,0.2012,mama drama
Tango With Me,0.0,0.1043,tango with me
The Mire,0.0,0.2101,the mire
The War Next-door,4.4,0.5268,the war next-door
Therapy,6.0,0.0655,therapy
This Little Love Of Mine,6.063,0.7319,this little love of mine
Three Thieves,8.0,0.102,three thieves
A Land Imagined,5.983,0.5026,a land imagined
Between,7.0,0.3416,between
Chelsea,0.0,0.0978,chelsea
Colony,7.0,0.1402,colony
Cuckoo,4.5,2.5715,cuckoo
Girl from Nowhere,4.25,0.5498,girl from nowhere
Good Morning Call,7.0,0.3391,good morning call
Har Kisse Ke Hisse: Kaamyaab,6.7,0.2962,har kisse ke hisse: kaamyaab
I AM A KILLER,0.0,0.1189,i am a killer
Larva,0.0,1.599,larva
Marcella,0.0,0.1517,marcella
My Little Pony: Friendship Is Magic,3.8,0.053,my little pony: friendship is magic
Orange Is the New Black,0.0,0.0239,orange is the new black
Puffin Rock,6.6,0.3697,puffin rock
Rehmataan,0.0,0.0214,rehmataan
Return of the Prodigal Son,6.365,0.3303,return of the prodigal son
Richie Rich,4.1,0.3201,richie rich
Rise: Ini Kalilah,7.5,0.1866,rise: ini kalilah
Scream,7.4,17.1558,scream
Si Doel the Movie 2,6.6,0.0744,si doel the movie 2
Some Assembly Required,0.0,0.0256,some assembly required
Tales by Light,0.0,0.2643,tales by light
The A List,5.8,1.3543,the a list
The Worst Witch,6.0,0.9072,the worst witch
Truckbhar Swapna,10.0,0.0992,truckbhar swapna
Ujala,4.4,0.1117,ujala
Undercover,5.4,3.4835,undercover
We the People,2.8,0.4462,we the people
Grey's Anatomy,10.0,0.5048,grey's anatomy
Big Timber,0.0,0.08,big timber
Fear Street Part 1: 1994,6.694,2.5955,fear street part 1: 1994
Haseen Dillruba,6.737,0.8231,haseen dillruba
Holiday on Mars,0.0,0.0214,holiday on mars
Mortel,0.0,0.0214,mortel
RattleSnake - The Ahanna Story,5.0,0.2083,rattlesnake - the ahanna story
Snowpiercer,6.909,12.625,snowpiercer
The 8th Night,6.099,1.7238,the 8th night
Winchester,5.885,1.6328,winchester
6 Bullets,6.251,1.2587,6 bullets
Air Force One,6.469,4.4314,air force one
Audible,6.823,1.9706,audible
Austin Powers in Goldmember,6.011,4.4671,austin powers in goldmember
Austin Powers: International Man of Mystery,6.59,4.8965,austin powers: international man of mystery
Austin Powers: The Spy Who Shagged Me,6.3,4.4495,austin powers: the spy who shagged me
Boogie Nights,7.629,6.6444,boogie nights
Charlie's Angels,6.39,7.9683,charlie's angels
Congo,5.59,3.8902,congo
Dennis the Menace,5.883,3.8404,dennis the menace
Dreamy Eyes,6.7,0.4515,dreamy eyes
Dynasty Warriors,5.892,2.4458,dynasty warriors
Hampstead,5.995,0.8072,hampstead
Kung Fu Panda,7.315,12.4147,kung fu panda
Kung Fu Panda 2,7.059,9.3873,kung fu panda 2
Life as We Know It,6.902,2.7427,life as we know it
Mary Magdalene,6.293,1.85,mary magdalene
Memoirs of a Geisha,7.644,4.384,memoirs of a geisha
Midnight Run,7.191,2.3003,midnight run
Mobile Suit Gundam Hathaway,7.2,3.4925,mobile suit gundam hathaway
Mortal Kombat,6.992,6.4531,mortal kombat
Mother's Day,6.47,1.081,mother's day
No Strings Attached,6.295,5.8325,no strings attached
Not Another Teen Movie,5.8,4.8721,not another teen movie
Ophelia,6.0,0.154,ophelia
Pet Sematary 2,5.477,2.2246,pet sematary 2
Quarantine Tales,6.9,0.1607,quarantine tales
Red Joan,6.643,3.1963,red joan
Sailor Moon Crystal,7.844,1.7389,sailor moon crystal
Seven Pounds,7.603,4.5326,seven pounds
She's Out of My League,6.481,4.5896,she's out of my league
Snow Day,5.1,1.9423,snow day
Star Trek,7.4,8.3679,star trek
Stuart Little,6.067,4.3764,stuart little
Sword of Trust,5.9,0.3399,sword of trust
Talladega Nights: The Ballad of Ricky Bobby,6.365,2.3717,talladega nights: the ballad of ricky bobby
The American,5.971,3.8569,the american
The Best of Enemies,7.4,0.9665,the best of enemies
